n,threshold,auroc,sensitivity,specificity,f1,macro_f1,balanced_accuracy,brier,nll,ece,condition,level,normalization,mean_quality_score,quality_fail_rate,quality_review_rate,prediction_flip_rate,mean_probability_shift
103,0.5,0.7323717948717948,0.828125,0.38461538461538464,0.75177304964539,0.6066557555919259,0.6063701923076923,0.2025920888398031,0.5797768998268249,0.10518422563252769,none,0,False,,,,0.0,0.0
103,0.5,0.7207532051282052,0.71875,0.6666666666666666,0.7479674796747967,0.6872367518855911,0.6927083333333333,0.21828714264663104,0.6504449814640599,0.16986516091887544,underexposure,1,False,82.06893203883496,0.019417475728155338,0.6407766990291263,0.2912621359223301,0.16801760015855355
103,0.5,0.625801282051282,0.40625,0.7948717948717948,0.5306122448979592,0.5523431594860166,0.6005608974358974,0.3037347933448621,1.3202029914953415,0.24465362846237831,underexposure,2,False,63.748543689320385,0.1553398058252427,0.8446601941747572,0.4563106796116505,0.2986642541999909
103,0.5,0.5492788461538461,0.0,1.0,0.0,0.2746478873239437,0.5,0.5977829232546459,8.633268253573172,0.6080389005500964,underexposure,3,False,49.69708737864078,0.970873786407767,0.02912621359223301,0.7475728155339806,0.6423278097407366
103,0.5,0.7516025641025641,0.78125,0.4358974358974359,0.7352941176470589,0.6105042016806723,0.608573717948718,0.20811866563021925,0.6304073602295052,0.13442253410612323,gamma,1,False,87.67184466019417,0.019417475728155338,0.4368932038834951,0.18446601941747573,0.11700794094001277
103,0.5,0.7019230769230769,0.796875,0.4358974358974359,0.7445255474452555,0.6186395853168306,0.616386217948718,0.24922024992733027,1.0413400497692729,0.18691675188645382,gamma,2,False,76.63106796116504,0.06796116504854369,0.7864077669902912,0.17475728155339806,0.1472872585320266
103,0.5,0.6069711538461539,0.546875,0.6153846153846154,0.6140350877192983,0.5678871090770404,0.5811298076923077,0.32120374888556646,1.7794268406710476,0.27090329097822896,gamma,3,False,62.80873786407768,0.3592233009708738,0.6407766990291263,0.3786407766990291,0.2681252457243423
103,0.5,0.748798076923077,0.9375,0.3333333333333333,0.8,0.6321428571428571,0.6354166666666666,0.1999908813599522,0.5811077811696548,0.09936115978238749,color_shift,1,False,92.72038834951455,0.0,0.23300970873786409,0.10679611650485436,0.0689733540771006
103,0.5,0.719951923076923,0.953125,0.20512820512820512,0.782051282051282,0.551025641025641,0.5791266025641025,0.2221739836891277,0.6412163964018391,0.14167831976265427,color_shift,2,False,91.17669902912618,0.0,0.49514563106796117,0.1650485436893204,0.13007842313223986
103,0.5,0.6658653846153846,0.921875,0.1794871794871795,0.7612903225806451,0.5179000632511068,0.5506810897435898,0.23076062792279903,0.6528444586210558,0.15482609905256628,color_shift,3,False,87.44077669902913,0.0,0.8640776699029126,0.23300970873786409,0.18332513831147354
103,0.5,0.7255608974358975,0.9375,0.3076923076923077,0.7947019867549668,0.6155328115593016,0.6225961538461539,0.20740844502674377,0.5937225700992707,0.1061225501906771,blur,1,False,92.33106796116505,0.0,0.2524271844660194,0.0970873786407767,0.04704025137638361
103,0.5,0.6690705128205128,0.84375,0.1794871794871795,0.72,0.485,0.5116185897435898,0.22901348267571905,0.6420372998260363,0.15767646482695136,blur,2,False,88.5165048543689,0.019417475728155338,0.4174757281553398,0.18446601941747573,0.08534247150149432
103,0.5,0.6646634615384615,0.578125,0.717948717948718,0.6607142857142857,0.6282294832826747,0.648036858974359,0.24281330545453034,0.6931450343354429,0.14601075127600943,blur,3,False,84.71650485436895,0.038834951456310676,0.9223300970873787,0.33980582524271846,0.19866540464538457
103,0.5,0.735176282051282,0.875,0.358974358974359,0.7724137931034483,0.6157150932730356,0.6169871794871795,0.20753900653507804,0.5956343083485712,0.12187235619041245,jpeg,1,False,92.8883495145631,0.0,0.2621359223300971,0.13592233009708737,0.05609909700243034
103,0.5,0.7648237179487181,0.765625,0.5641025641025641,0.7538461538461538,0.6663967611336032,0.664863782051282,0.19492445677763928,0.5677591024448985,0.09851709308983084,jpeg,2,False,93.1864077669903,0.0,0.21359223300970873,0.1650485436893204,0.10670818035481808
103,0.5,0.7279647435897437,0.578125,0.8461538461538461,0.6915887850467289,0.6791277258566978,0.7121394230769231,0.23891597150206198,0.7024906258267255,0.19752388540211846,jpeg,3,False,85.61456310679611,0.0,0.8058252427184466,0.3883495145631068,0.25954385468802105
