image_name,dr_grade,referable_dr,legacy_clean_probability,resampling_only_probability,legacy_clean_prediction,resampling_only_prediction,prediction_flip,absolute_probability_shift
IDRiD_001,4,1,0.2232193166272687,0.22455556534435556,0,0,0,0.0013362487170868464
IDRiD_002,4,1,0.698087768964138,0.6842778082716483,1,1,0,0.013809960692489742
IDRiD_003,4,1,0.7892543284197339,0.8227481498799218,1,1,0,0.03349382146018798
IDRiD_004,4,1,0.4735556857282894,0.5082998228110152,0,1,1,0.03474413708272578
IDRiD_005,4,1,0.5838108168229813,0.5911727468561498,1,1,0,0.00736193003316854
IDRiD_006,3,1,0.7078708280744678,0.7693511465614334,1,1,0,0.06148031848696567
IDRiD_007,3,1,0.910931090734463,0.9093201611945096,1,1,0,0.001610929539953343
IDRiD_008,2,1,0.4372743320796146,0.42455391538748594,0,0,0,0.012720416692128644
IDRiD_009,2,1,0.8591897541230328,0.8645464858850882,1,1,0,0.005356731762055422
IDRiD_010,2,1,0.6558806659356781,0.700791871397658,1,1,0,0.04491120546197991
IDRiD_011,2,1,0.6981867796404899,0.6969725932774701,1,1,0,0.0012141863630198424
IDRiD_012,2,1,0.4703427595820728,0.440759256313052,0,0,0,0.02958350326902076
IDRiD_013,3,1,0.8958871608974738,0.9342957663465719,1,1,0,0.03840860544909808
IDRiD_014,3,1,0.961688206968965,0.9649644601972496,1,1,0,0.00327625322828462
IDRiD_015,2,1,0.9541374488556178,0.9640024819449721,1,1,0,0.00986503308935427
IDRiD_016,3,1,0.9022157646872682,0.9130590914252874,1,1,0,0.010843326738019243
IDRiD_017,2,1,0.5520498391080428,0.55128237622541,1,1,0,0.0007674628826328522
IDRiD_018,3,1,0.5784404234124244,0.6514224301263996,1,1,0,0.07298200671397514
IDRiD_019,2,1,0.7337190531412212,0.7343273184956522,1,1,0,0.0006082653544310368
IDRiD_020,2,1,0.366992271738661,0.4297034245145979,0,0,0,0.06271115277593692
IDRiD_021,3,1,0.9879942496538888,0.9890639450877211,1,1,0,0.001069695433832285
IDRiD_022,3,1,0.9865734743588798,0.9829069635179553,1,1,0,0.0036665108409245084
IDRiD_023,2,1,0.5030731570011495,0.5028683144444142,1,1,0,0.0002048425567353629
IDRiD_024,2,1,0.855564205446268,0.878456108490752,1,1,0,0.022891903044483963
IDRiD_025,3,1,0.8342660717110496,0.8403499768412187,1,1,0,0.006083905130169098
IDRiD_026,3,1,0.6804318119173804,0.7267228202587349,1,1,0,0.04629100834135447
IDRiD_027,3,1,0.8684950468643367,0.8774354929390773,1,1,0,0.008940446074740649
IDRiD_028,2,1,0.8928823904472111,0.9223131383796351,1,1,0,0.02943074793242406
IDRiD_029,0,0,0.1210970615385519,0.16890392862629214,0,0,0,0.047806867087740235
IDRiD_030,0,0,0.230054555508665,0.23909742765113506,0,0,0,0.009042872142470071
IDRiD_031,3,1,0.7754827049938857,0.8135614562069176,1,1,0,0.038078751213031836
IDRiD_032,4,1,0.7683671474248402,0.8016369902094507,1,1,0,0.033269842784610426
IDRiD_033,2,1,0.6799428639077231,0.740991831409817,1,1,0,0.061048967502093876
IDRiD_034,3,1,0.7561101708554282,0.741282852467591,1,1,0,0.01482731838783724
IDRiD_035,3,1,0.6477479410989925,0.6762216535749216,1,1,0,0.028473712475929114
IDRiD_036,3,1,0.7937374493146592,0.8015531221858023,1,1,0,0.007815672871143153
IDRiD_037,0,0,0.4661435856092919,0.5124049289325276,0,1,1,0.046261343323235726
IDRiD_038,0,0,0.6856927784916119,0.7429918175188399,1,1,0,0.057299039027227994
IDRiD_039,0,0,0.8225807259498499,0.8484491120537179,1,1,0,0.02586838610386799
IDRiD_040,4,1,0.8953141355404938,0.9256622480055074,1,1,0,0.030348112465013677
IDRiD_041,0,0,0.7184938611567946,0.7168801847073426,1,1,0,0.001613676449451984
IDRiD_042,3,1,0.9566500087179444,0.960547352220104,1,1,0,0.0038973435021596448
IDRiD_043,0,0,0.5674168664168354,0.6300145902675658,1,1,0,0.06259772385073037
IDRiD_044,0,0,0.2863526498035266,0.3678451405387729,0,0,0,0.08149249073524628
IDRiD_045,0,0,0.7345410641854232,0.7123997202589596,1,1,0,0.022141343926463608
IDRiD_046,2,1,0.8455935809682489,0.8748865568063098,1,1,0,0.029292975838060897
IDRiD_047,0,0,0.636406219526344,0.6620394210943863,1,1,0,0.025633201568042274
IDRiD_048,4,1,0.858872399188713,0.8657818238581345,1,1,0,0.00690942466942146
IDRiD_049,2,1,0.3999409538021784,0.6104652744775659,0,1,1,0.2105243206753875
IDRiD_050,0,0,0.6571920687726532,0.6842435276850993,1,1,0,0.02705145891244609
IDRiD_051,2,1,0.4338045010698336,0.5108096285762395,0,1,1,0.07700512750640587
IDRiD_052,0,0,0.8818270620642223,0.8789901699515813,1,1,0,0.002836892112641043
IDRiD_053,4,1,0.8426269817085121,0.8824702623987315,1,1,0,0.03984328069021936
IDRiD_054,0,0,0.8386828291595128,0.8939629765744417,1,1,0,0.055280147414928926
IDRiD_055,0,0,0.6394060326469067,0.6539300271958732,1,1,0,0.014523994548966579
IDRiD_056,0,0,0.4956363742161315,0.590003017341975,0,1,1,0.09436664312584353
IDRiD_057,4,1,0.9124169333450968,0.9052260941152044,1,1,0,0.007190839229892387
IDRiD_058,0,0,0.6010639448805739,0.7088971173929279,1,1,0,0.10783317251235403
IDRiD_059,2,1,0.845729311068142,0.8593858019798765,1,1,0,0.013656490911734487
IDRiD_060,3,1,0.1263954364263504,0.14691477042631268,0,0,0,0.02051933399996228
IDRiD_061,4,1,0.9457697056657752,0.9463657635068191,1,1,0,0.0005960578410438844
IDRiD_062,4,1,0.9190491825272412,0.939758246011824,1,1,0,0.02070906348458279
IDRiD_063,1,0,0.5211481305945973,0.5482934333783677,1,1,0,0.027145302783770364
IDRiD_064,3,1,0.7162951809320074,0.7299275739311615,1,1,0,0.013632392999154086
IDRiD_065,2,1,0.8400868584720962,0.887964013563473,1,1,0,0.0478771550913768
IDRiD_066,3,1,0.7237671168486594,0.7527245545584218,1,1,0,0.028957437709762446
IDRiD_067,2,1,0.9257415005012826,0.9449767413938164,1,1,0,0.01923524089253381
IDRiD_068,0,0,0.8258927577892109,0.9071644568274619,1,1,0,0.08127169903825104
IDRiD_069,0,0,0.5645275203504694,0.5728599414690223,1,1,0,0.008332421118552924
IDRiD_070,0,0,0.7135224912551289,0.7120974598711988,1,1,0,0.001425031383930131
IDRiD_071,0,0,0.1826857964528545,0.1887028182875748,0,0,0,0.006017021834720304
IDRiD_072,2,1,0.9815083843911904,0.9814441231028497,1,1,0,6.426128834069456e-05
IDRiD_073,1,0,0.7726125580226575,0.7632390883550271,1,1,0,0.009373469667630419
IDRiD_074,1,0,0.5070228494343108,0.44808561594074875,1,0,1,0.058937233493562
IDRiD_075,0,0,0.3254264011272401,0.3482390861691591,0,0,0,0.022812685041919023
IDRiD_076,2,1,0.4263369513688296,0.486441028406374,0,0,0,0.06010407703754439
IDRiD_077,0,0,0.6739379278147143,0.7669605649963998,1,1,0,0.09302263718168546
IDRiD_078,0,0,0.4888308055178411,0.551051294238476,0,1,1,0.0622204887206349
IDRiD_079,2,1,0.5212128671281704,0.5957274252311047,1,1,0,0.07451455810293428
IDRiD_080,0,0,0.242807224408441,0.3796292037214071,0,0,0,0.13682197931296614
IDRiD_081,2,1,0.7726646485680082,0.797452444360449,1,1,0,0.024787795792440837
IDRiD_082,2,1,0.5960315097190437,0.6014233267909967,1,1,0,0.00539181707195302
IDRiD_083,2,1,0.4766524724219835,0.4944891371937127,0,0,0,0.017836664771729183
IDRiD_084,2,1,0.3591199973932135,0.4145318042463299,0,0,0,0.05541180685311642
IDRiD_085,1,0,0.8539617551192894,0.9004866884952705,1,1,0,0.04652493337598107
IDRiD_086,2,1,0.6308464374342891,0.7090628669197008,1,1,0,0.07821642948541163
IDRiD_087,4,1,0.9546032659949588,0.9533320538389374,1,1,0,0.0012712121560214396
IDRiD_088,2,1,0.7383451202523225,0.7411322229833949,1,1,0,0.0027871027310724106
IDRiD_089,2,1,0.72989115386144,0.726307716311637,1,1,0,0.003583437549802948
IDRiD_090,0,0,0.1981482900870274,0.20653725228016934,0,0,0,0.008388962193141947
IDRiD_091,2,1,0.935460347815073,0.9332648324634671,1,1,0,0.0021955153516058923
IDRiD_092,0,0,0.093734026139799,0.09716723284087465,0,0,0,0.00343320670107565
IDRiD_093,0,0,0.8036974289690967,0.8110474201070957,1,1,0,0.007349991137999057
IDRiD_094,0,0,0.7527774721719491,0.783902563092191,1,1,0,0.03112509092024185
IDRiD_095,0,0,0.4325950650452069,0.4716849178026926,0,0,0,0.03908985275748572
IDRiD_096,0,0,0.4723656768954091,0.49715144529122524,0,0,0,0.024785768395816143
IDRiD_097,0,0,0.5268469153966361,0.5691649065072009,1,1,0,0.04231799111056478
IDRiD_098,0,0,0.0389282839751308,0.03709575876227477,0,0,0,0.001832525212856026
IDRiD_099,0,0,0.2312249782995408,0.24051796363142044,0,0,0,0.009292985331879638
IDRiD_100,2,1,0.773631491812192,0.7782380711792147,1,1,0,0.0046065793670226896
IDRiD_101,1,0,0.7829938438210795,0.7817761359495187,1,1,0,0.0012177078715608358
IDRiD_102,2,1,0.9608072209245702,0.9555257114035387,1,1,0,0.005281509521031458
IDRiD_103,0,0,0.6149131316159605,0.6513147856058771,1,1,0,0.03640165398991657
