n,threshold,auroc,sensitivity,specificity,f1,macro_f1,balanced_accuracy,brier,nll,ece,condition,condition_label,level,normalization,mean_quality_score,quality_fail_rate,quality_review_rate,delta_auroc,delta_macro_f1,delta_balanced_accuracy,prediction_flip_rate,mean_absolute_probability_shift,mean_signed_probability_shift,delta_auroc_ci_low,delta_auroc_ci_high,delta_macro_f1_ci_low,delta_macro_f1_ci_high,delta_balanced_accuracy_ci_low,delta_balanced_accuracy_ci_high,prediction_flip_rate_ci_low,prediction_flip_rate_ci_high,mean_absolute_probability_shift_ci_low,mean_absolute_probability_shift_ci_high,mean_signed_probability_shift_ci_low,mean_signed_probability_shift_ci_high
103,0.5,0.7199519230769231,0.859375,0.358974358974359,0.7638888888888888,0.6077508960573477,0.6091746794871795,0.20668377632012533,0.5907259318926734,0.08736884736177095,none,clean,0,False,92.95533980582523,0.0,0.2524271844660194,0.0,0.0,0.0,0.0,0.0,0.0,0.0,0.0,0.0,0.0,0.0,0.0,0.0,0.0,0.0,0.0,0.0,0.0
103,0.5,0.7239583333333334,0.703125,0.6666666666666666,0.7377049180327869,0.678376268540203,0.6848958333333333,0.21783778989842034,0.6550502988214605,0.12764561336292604,underexposure,underexposure_level_1,1,False,81.98543689320388,0.019417475728155338,0.6504854368932039,0.004006410256410242,0.07062537248285539,0.07572115384615374,0.2912621359223301,0.17439500492559792,-0.11880043205022865,-0.07207582582582577,0.08055573316283028,-0.042198654560196495,0.1820502747215042,-0.02662905260159262,0.17260453169799295,0.20388349514563106,0.3786407766990291,0.15300055948709793,0.19718005138146913,-0.15473365941441547,-0.08262749641933524
103,0.5,0.6310096153846153,0.3125,0.8205128205128205,0.43956043956043955,0.49804108934543717,0.5665064102564102,0.3022150548376643,1.366812933457452,0.25620414480085213,underexposure,underexposure_level_2,2,False,63.663106796116516,0.1553398058252427,0.8446601941747572,-0.08894230769230782,-0.1097098067119105,-0.042668269230769273,0.5339805825242718,0.3080335847443896,-0.29595489846363104,-0.18698168748373653,0.00925348044147231,-0.2328705632035045,0.012483829370309523,-0.14109330703808698,0.05398628839767543,0.4368932038834951,0.6310679611650486,0.27585312474492385,0.3399662803684419,-0.3306247602594785,-0.2597928153333622
103,0.5,0.5456730769230769,0.0,1.0,0.0,0.2746478873239437,0.5,0.5700002358555722,9.589946215066142,0.5892033777066532,underexposure,underexposure_level_3,3,False,49.639805825242725,0.970873786407767,0.02912621359223301,-0.17427884615384626,-0.333103008733404,-0.10917467948717952,0.7766990291262136,0.6296863561129833,-0.6289541313694321,-0.28705372034840626,-0.055652797336149945,-0.4453899291437324,-0.21409715321981937,-0.19839099458846118,-0.021659286437246968,0.6893203883495146,0.8543689320388349,0.5846066072267535,0.6725570397850729,-0.6719200435877137,-0.5835734993731407
103,0.5,0.7495993589743589,0.78125,0.4358974358974359,0.7352941176470589,0.6105042016806723,0.608573717948718,0.2094886461163008,0.6488964455651982,0.15301003912480363,gamma,gamma_level_1,1,False,87.60194174757284,0.019417475728155338,0.4368932038834951,0.029647435897435792,0.0027533056233246533,-0.0006009615384615641,0.1941747572815534,0.11791337655965971,-0.03212219416341959,-0.04332336057000119,0.10485257985257983,-0.0864728266685009,0.09973121101359406,-0.08517151017691763,0.08798538449134616,0.11650485436893204,0.27184466019417475,0.09774314340267817,0.1404024831018532,-0.06295442867583849,-0.0004926625453978703
103,0.5,0.6963141025641025,0.796875,0.4358974358974359,0.7445255474452555,0.6186395853168306,0.616386217948718,0.2539448525492756,1.2072599947414222,0.1840578912500474,gamma,gamma_level_2,2,False,76.54271844660192,0.06796116504854369,0.7864077669902912,-0.023637820512820595,0.010888689259482942,0.007211538461538436,0.20388349514563106,0.15256586214346227,-0.06700639762403837,-0.10862485517617404,0.06768140228955959,-0.0906384880922965,0.10496560579318645,-0.0864462185824126,0.09295935880494693,0.1262135922330097,0.2815533980582524,0.1260838085126264,0.18192920313101563,-0.10520494935479585,-0.026033278492419407
103,0.5,0.6021634615384616,0.515625,0.6153846153846154,0.5892857142857143,0.5499620060790273,0.5655048076923077,0.3351445268810675,2.3081320787832493,0.2812806044205084,gamma,gamma_level_3,3,False,62.73203883495143,0.3592233009708738,0.6407766990291263,-0.11778846153846156,-0.057788889978320324,-0.043669871794871806,0.4077669902912621,0.29308015211045135,-0.232932827463125,-0.21295664423199928,-0.02213366961030495,-0.17671577364157556,0.06137227599309282,-0.152172680191748,0.06799004384362439,0.3106796116504854,0.5048543689320388,0.24779748605169102,0.3407619412914606,-0.29092625605338923,-0.17476422316107465
103,0.5,0.750801282051282,0.9375,0.3076923076923077,0.7947019867549668,0.6155328115593016,0.6225961538461539,0.19935536101144583,0.5783060519559378,0.0912415323703676,color_shift,color_shift_level_1,1,False,92.71553398058252,0.0,0.23300970873786409,0.03084935897435892,0.007781915501953951,0.013421474358974339,0.10679611650485436,0.060168713602569285,0.03909888961782289,-0.00641025641025639,0.07379682809974585,-0.08000544401878068,0.0893462821341406,-0.05910975355054307,0.08048029457684708,0.04854368932038835,0.1650485436893204,0.04808847851565647,0.07350867984115893,0.02377695642396872,0.05489940959162211
103,0.5,0.7211538461538461,0.953125,0.1794871794871795,0.7770700636942676,0.5313921747042767,0.5663060897435898,0.22225116242583648,0.6395003259062615,0.133725062766668,color_shift,color_shift_level_2,2,False,91.15631067961165,0.0,0.5048543689320388,0.0012019230769230171,-0.07635872135307098,-0.04286858974358976,0.14563106796116504,0.12300469991320301,0.09274960858293341,-0.06865442552942562,0.06820636268783954,-0.17949126177547364,0.018680091521825485,-0.12295921032989995,0.033567525370803986,0.07766990291262135,0.21359223300970873,0.1015585734291448,0.14531395670926925,0.06522859194786229,0.12127484284295022
103,0.5,0.656650641025641,0.921875,0.1794871794871795,0.7612903225806451,0.5179000632511068,0.5506810897435898,0.23525938038428995,0.6636616115242548,0.1759685164939789,color_shift,color_shift_level_3,3,False,87.39611650485438,0.0,0.8640776699029126,-0.06330128205128216,-0.08985083280624084,-0.05849358974358976,0.20388349514563106,0.18319340824588123,0.06268052777654368,-0.18056664619164622,0.054337048186527064,-0.21086993974717877,0.027298179120685336,-0.15609603955904358,0.031924147689073056,0.1262135922330097,0.2815533980582524,0.15526689878334282,0.2147034623737421,0.0177698442476498,0.10748526962171404
103,0.5,0.7151442307692308,0.890625,0.3076923076923077,0.7702702702702703,0.5920316868592731,0.5991586538461539,0.2086841933994081,0.595106571670468,0.10611414040581431,blur,blur_level_1,1,False,92.31844660194176,0.0,0.2524271844660194,-0.004807692307692291,-0.01571920919807457,-0.010016025641025661,0.0970873786407767,0.0351571588358642,0.014937563180862562,-0.030168067226890652,0.021006384139103523,-0.08135121600208194,0.04241903624891956,-0.06954648564463704,0.045454989000070924,0.048300970873786424,0.1553398058252427,0.028905348857891238,0.041731884221133046,0.006418321574891756,0.023784136752521598
103,0.5,0.6686698717948718,0.8125,0.20512820512820512,0.7074829931972789,0.48933471693762254,0.5088141025641025,0.2288266694628659,0.6413637747665767,0.15917764664282155,blur,blur_level_2,2,False,88.45533980582526,0.019417475728155338,0.42718446601941745,-0.05128205128205132,-0.11841617911972513,-0.10036057692307698,0.18446601941747573,0.08182430934828387,-0.005854371500619174,-0.10588680926916216,0.006927665357897876,-0.2141704826654567,-0.023779118081839763,-0.18575771327636997,-0.01943057475952219,0.10679611650485436,0.2621359223300971,0.06831396244394673,0.0945129995311327,-0.02641104771976751,0.01453366528568927
103,0.5,0.6662660256410257,0.546875,0.7692307692307693,0.6481481481481481,0.6301965230536659,0.6580528846153846,0.24557651928210672,0.7019706321215945,0.15359271933800822,blur,blur_level_3,3,False,84.64563106796116,0.038834951456310676,0.9223300970873787,-0.05368589743589747,0.022445626996318246,0.048878205128205066,0.36893203883495146,0.20626383474377716,-0.19309731883269296,-0.1297638958752516,0.021082701820406727,-0.09624327809529037,0.1397122889641662,-0.05134401755664546,0.14898352709603904,0.2815533980582524,0.46601941747572817,0.18200307459501447,0.23166870679268084,-0.2227931988214172,-0.16528354809642223
103,0.5,0.7231570512820513,0.875,0.3076923076923077,0.7619047619047619,0.5843422114608555,0.5913461538461539,0.20948772367526644,0.5965203604546203,0.12681829468628183,jpeg,jpeg_level_1,1,False,92.90485436893202,0.0,0.2621359223300971,0.0032051282051281937,-0.023408684596492146,-0.01782852564102566,0.06796116504854369,0.039000361427447915,0.01657549041648824,-0.027273682200152742,0.03374897372742178,-0.08356635680479588,0.025076573841894642,-0.0714285714285714,0.027184794372294374,0.019417475728155338,0.11650485436893204,0.031454489949158775,0.04705108035337986,0.006109477437942997,0.02662306638781381
103,0.5,0.7532051282051282,0.703125,0.5641025641025641,0.7142857142857143,0.6321428571428571,0.633613782051282,0.1977568040902444,0.5716282586497189,0.10790384640161235,jpeg,jpeg_level_2,2,False,93.18932038834951,0.0,0.1941747572815534,0.033253205128205066,0.02439196108550945,0.024439102564102533,0.17475728155339806,0.10241167632938256,-0.08957814865463383,-0.011879011675523266,0.08371412542021306,-0.05802872592965212,0.11598724670482292,-0.04882218844984798,0.10582484981987529,0.10679611650485436,0.2524271844660194,0.08898316456664655,0.11733924960324167,-0.10724026417728351,-0.07336577574997896
103,0.5,0.687099358974359,0.59375,0.7692307692307693,0.6846846846846847,0.6581318160265528,0.6814903846153846,0.23981403248728017,0.6915409368208465,0.16077800155583943,jpeg,jpeg_level_3,3,False,85.63786407766993,0.0,0.8058252427184466,-0.0328525641025641,0.05038091996920513,0.07231570512820507,0.4174757281553398,0.2285084143996231,-0.18829341116420495,-0.13566571025873342,0.07489301681924633,-0.07280122872261939,0.18536842107125362,-0.04354438196342243,0.18796730923596594,0.3300970873786408,0.5145631067961165,0.19965066000255524,0.2600859434122405,-0.22986882421006852,-0.14983197702335999
